CHROM	POS	REF	ALT	Interpro_domain	dbNSFP_DEOGEN2_pred	dbNSFP_MetaSVM_pred	dbNSFP_fathmmMKL_coding_pred	dbNSFP_PrimateAI_pred	dbNSFP_PROVEAN_pred	dbNSFP_MCAP_pred	dbNSFP_ClinPred_pred	dbNSFP_BayesDel_addAF_pred	dbNSFP_ExAC_AF	dbNSFP_Polyphen2_HVAR_pred	dbNSFP_SIFT_pred	dbNSFP_FATHMM_pred	dbNSFP_SIFT4G_pred	dbNSFP_LRT_pred	dbNSFP_fathmmXF_coding_pred	dbNSFP_BayesDel_noAF_pred	dbNSFP_gnomAD_exomes_AF	dbNSFP_Aloft_pred	dbNSFP_MutationTaster_pred	dbNSFP_MetaLR_pred	dbNSFP_LISTS2_pred	dbNSFP_Polyphen2_HDIV_pred	dbNSFP_MutationAssessor_pred	VariantEffect_EFF	Risco_Mut_EFF	Tipo_Mut_EFF	Point_Mutation_EFF	changeProt_EFF	changecDNA_EFF	Gene_EFF	RefSeq_EFF	Exon_EFF	Pos_Point_Mutation_EFF	poschangecDNA_EFF	typechangecDNA_EFF	aminBefore	aminAfter	poschangeProt	typechangeProt	SNP_ID_COMMON	COMMON	PolyPhen2_Dam_pred	Ndamage	NdamageCalc	Deleteria	Deleteria5	Deleteria10	Uniprot_id	Tissue	Blosum62	groupBefore	groupAfter	groupChange	aminBeforeEssential	aminAfterEssential	essencialChange	substitution	NodeId_RING	Chain_RING	Dssp_RING	Degree_RING	pLDDT_RING	F_AF	pLDDT_global	Inter_Res_tot	Inter_VDW_Res_tot	Inter_HBOND_Res_tot	Inter_PIPISTACK_Res_tot	Inter_IONIC_Res_tot	Inter_SSBOND_Res_tot	Inter_PICATION_Res_tot	triangles_node	clusteringCoef_node	betweennessWeighted_node
1	11668750	G	A	F-box_domain	T	T	D	T	N	T	T	T	0.0003213	B	T	T	T	N	N	T	0.0002793608	.	D	T	T	P	M	NON_SYNONYMOUS_CODING	MODERATE	MISSENSE	cGc/cAc	p.Arg31His	c.92G>A	FBXO6	NM_018438.5	2	2	92	>	Arg	His	31	subst	rs146139993	0.0	1	3/20	3	0	0	0	Q9NRD1	ACC	0	positivecharge	positivecharge	positivechargeTOpositivecharge	0	1	0TO1	0	A:31:_:ARG	A	H	2.0	92.63	F1	89.48	2	0	2	0	0	0	0	0.0	0.0	0.0080543933054393
1	12879686	C	G	.	T	T	N	T	D	T	D	T	6.691e-05	D	D	T	T	N	N	T	3.242647e-05	.	N	T	.	D	M	NON_SYNONYMOUS_CODING	MODERATE	MISSENSE	aGa/aCa	p.Arg432Thr	c.1295G>C	PRAMEF4	NM_001009611.4	4	2	1295	>	Arg	Thr	432	subst	rs543370672	0.0	1	4/20	4	1	0	0	O60810	ACC	-1	positivecharge	polar	positivechargeTOpolar	0	1	0TO1	1	A:432:_:ARG	A	H	7.0	93.87	F1	84.68	6	3	3	0	0	0	0	1.0	0.0476190476190476	0.0010666858430413
1	22120090	C	T	.	T	T	D	T	N	D	T	T	0.0	B	T	T	T	D	N	T	1.607756e-05	.	D	T	D	B	N	NON_SYNONYMOUS_CODING	MODERATE	MISSENSE	cGg/cAg	p.Arg339Gln	c.1016G>A	WNT4	NM_030761.4	5	2	1016	>	Arg	Gln	339	subst	rs867647835	0.0	0	5/20	5	0	0	0	P56705	ACC	1	positivecharge	polar	positivechargeTOpolar	0	0	0TO0	0	A:339:_:ARG	A	E	4.0	96.29	F1	91.41	3	2	1	0	0	0	0	0.0	0.0	0.0
1	35972036	G	A	Protein_argonaute,_N-terminal	T	T	D	T	N	T	T	T	0.0	B	T	T	D	D	D	T	3.979814e-06	.	D	T	D	P	L	NON_SYNONYMOUS_CODING	MODERATE	MISSENSE	Gtt/Att	p.Val109Ile	c.325G>A	AGO3	NM_024852.3	4	1	325	>	Val	Ile	109	subst	rs1157775569	0.0	1	7/20	7	1	1	0	Q9H9G7	ACC	3	nonpolar	nonpolar	nonpolarTOnonpolar	1	1	1TO1	0	A:109:_:VAL	A	E	6.0	94.84	F1	92.08	4	3	1	0	0	0	0	1.0	0.0666666666666667	0.0002389119268246
1	39682682	C	T	EF-hand_domain_pair\x3bEF-hand_domain|EF-hand_domain_pair	T	T	D	D	N	D	T	T	8.236e-05	D	D	T	D	D	D	T	6.759981e-05	.	D	T	D	D	N	NON_SYNONYMOUS_CODING	MODERATE	MISSENSE	Ggg/Agg	p.Gly144Arg	c.430G>A	HPCAL4	NM_001282396.1	5	1	430	>	Gly	Arg	144	subst	rs532685057	0.0	1	10/20	10	1	1	1	Q9UM19	ACC	-2	nonpolar	positivecharge	nonpolarTOpositivecharge	0	0	0TO0	0	A:144:_:GLY	A	T	3.0	79.74	F1	87.05	2	1	1	0	0	0	0	0.0	0.0	0.0
1	46043849	A	G	PI3K_p85_subunit,_C-terminal_SH2_domain|SH2_domain	D	D	N	D	D	D	D	D	8.237000000000001e-06	D	D	D	D	D	D	D	0.0	.	D	D	D	D	M	NON_SYNONYMOUS_CODING	MODERATE	MISSENSE	Tgt/Cgt	p.Cys404Arg	c.1210T>C	PIK3R3	NM_001114172.1	11	1	1210	>	Cys	Arg	404	subst	rs751601128	0.0	1	17/20	17	1	1	1	Q92569	ACC	-3	polar	positivecharge	polarTOpositivecharge	0	0	0TO0	0	A:404:_:CYS	A	E	6.0	91.21	F1	81.07	3	2	1	0	0	0	0	1.0	0.0666666666666667	0.0
1	46716408	G	A	.	T	T	D	T	D	D	D	T	1.647e-05	D	D	T	D	D	D	D	1.5915079999999998e-05	.	D	T	T	D	L	NON_SYNONYMOUS_CODING	MODERATE	MISSENSE	cCg/cTg	p.Pro74Leu	c.221C>T	EFCAB14	NM_014774.2	2	2	221	>	Pro	Leu	74	subst	rs763840513	0.0	1	11/20	11	1	1	1	O75071	ACC	-3	nonpolar	nonpolar	nonpolarTOnonpolar	0	1	0TO1	0	A:74:_:PRO	A	H	4.0	82.07	F1	67.59	3	2	1	0	0	0	0	0.0	0.0	0.003764721560527
1	56949695	G	A	Membrane_attack_complex_component/perforin_(MACPF)_domain	T	T	N	T	N	T	T	T	0.0002636	P	D	T	T	N	N	T	0.0002232552	.	N	T	T	D	.	NON_SYNONYMOUS_CODING	MODERATE	MISSENSE	Cgc/Tgc	p.Arg242Cys	c.724C>T	C8B	NM_000066.3	6	1	724	>	Arg	Cys	242	subst	rs150146785	1.0	1	2/20	2	0	0	0	P07358	ACC	-3	positivecharge	polar	positivechargeTOpolar	0	0	0TO0	0	A:242:_:ARG	A	H	1.0	81.31	F1	81.78	1	0	1	0	0	0	0	0.0	0.0	0.0
1	75218542	G	A	.	T	T	D	T	D	T	D	T	8.236e-06	P	T	T	T	D	D	T	0.0	.	D	T	D	D	L	NON_SYNONYMOUS_CODING	MODERATE	MISSENSE	Cct/Tct	p.Pro493Ser	c.1477C>T	SLC44A5	NM_152697.4	17	1	1477	>	Pro	Ser	493	subst	rs779346781	0.0	1	8/20	8	1	1	0	Q8NCS7	ACC	-1	nonpolar	polar	nonpolarTOpolar	0	0	0TO0	0	A:493:_:PRO	A	T	2.0	83.96	F1	82.77	2	1	1	0	0	0	0	0.0	0.0	2.82717480421814e-05
1	109543368	C	T	GPCR,_rhodopsin-like,_7TM	T	D	D	T	D	D	D	D	0.0	D	D	T	D	D	D	D	3.987877e-06	.	D	D	D	D	M	NON_SYNONYMOUS_CODING	MODERATE	MISSENSE	Cgc/Tgc	p.Arg116Cys	c.346C>T	GPR61	NM_031936.4	2	1	346	>	Arg	Cys	116	subst	rs951217511	0.0	1	15/20	15	1	1	1	Q9BZJ8	ACC	-3	positivecharge	polar	positivechargeTOpolar	0	0	0TO0	0	A:116:_:ARG	A	H	6.0	88.13	F1	71.17	6	1	5	0	0	0	0	0.0	0.0	0.0058524564916063
1	110223678	G	A	Ion_transport_domain	D	D	D	D	D	D	D	D	0.0	D	D	D	D	D	D	D	0.0	.	D	D	D	D	M	NON_SYNONYMOUS_CODING	MODERATE	MISSENSE	Gcc/Acc	p.Ala465Thr	c.1393G>A	KCNC4	NM_004978.4	2	1	1393	>	Ala	Thr	465	subst	rs966007199	0.0	1	18/20	18	1	1	1	Q03721	ACC	0	nonpolar	polar	nonpolarTOpolar	0	1	0TO1	0	A:465:_:ALA	A	H	2.0	92.44	F1	68.93	2	1	1	0	0	0	0	0.0	0.0	0.0197117794486216
1	111456691	T	C	.	T	T	D	T	D	D	D	D	0.0	P	D	T	D	D	D	D	0.0	.	D	T	D	D	M	NON_SYNONYMOUS_CODING	MODERATE	MISSENSE	aTt/aCt	p.Ile150Thr	c.449T>C	ATP5F1	NM_001688.4	5	2	449	>	Ile	Thr	150	subst	rs1207044789	0.0	1	13/20	13	1	1	1	P24539	ACC	-1	nonpolar	polar	nonpolarTOpolar	1	1	1TO1	0	A:150:_:ILE	A	H	6.0	97.38	F1	83.89	6	2	4	0	0	0	0	0.0	0.0	0.0873198995026406
1	151264005	T	C	von_Willebrand_factor,_type_A	T	T	D	D	D	T	D	D	0.0	P	T	T	T	D	D	D	0.0	.	D	T	D	P	L	NON_SYNONYMOUS_CODING	MODERATE	MISSENSE	Tgc/Cgc	p.Cys87Arg	c.259T>C	PSMD4	NM_002810.2	3	1	259	>	Cys	Arg	87	subst	rs1362335525	0.0	1	11/20	11	1	1	1	P55036	ACC	-3	polar	positivecharge	polarTOpositivecharge	0	0	0TO0	0	A:87:_:CYS	A	H	8.0	88.09	F1	72.74	5	2	3	0	0	0	0	1.0	0.0357142857142857	0.0028986862405909
1	152156213	C	T	.	T	T	N	T	D	T	T	T	0.0001161999999999	P	T	T	D	.	N	T	7.627459e-05	.	N	T	T	D	L	NON_SYNONYMOUS_CODING	MODERATE	MISSENSE	Ggt/Agt	p.Gly296Ser	c.886G>A	RPTN	NM_001122965.1	3	1	886	>	Gly	Ser	296	subst	rs201025925	0.0	1	3/20	3	0	0	0	Q6XPR3	ACC	0	nonpolar	polar	nonpolarTOpolar	0	0	0TO0	0	A:296:_:GLY	A	E	2.0	34.0	F1	42.97	2	0	2	0	0	0	0	0.0	0.0	0.0074860219507144
1	154570328	C	A	Neurotransmitter-gated_ion-channel_ligand-binding_domain	D	D	D	T	D	D	D	D	0.0	D	D	T	D	D	D	D	4.027451e-06	.	D	D	D	D	L	NON_SYNONYMOUS_CODING	MODERATE	MISSENSE	tCc/tAc	p.Ser109Tyr	c.326C>A	CHRNB2	NM_000748.2	4	2	326	>	Ser	Tyr	109	subst	rs1219067810	0.0	1	16/20	16	1	1	1	P17787	ACC	-2	polar	aromatic	polarTOaromatic	0	0	0TO0	1	A:109:_:SER	A	G	5.0	92.01	F1	80.78	4	3	1	0	0	0	0	0.0	0.0	3.91460932198967e-05
1	155055799	G	A	Metallopeptidase,_catalytic_domain\x3bMetallopeptidase,_catalytic_domain|Peptidase_M12B,_ADAM/reprolysin|Reprolysin_domain,_adamalysin-type	T	T	D	T	N	T	D	T	8.236e-06	D	D	T	D	N	N	T	7.952919e-06	.	D	T	D	D	M	NON_SYNONYMOUS_CODING	MODERATE	MISSENSE	Gtg/Atg	p.Val208Met	c.622G>A	ADAM15	NM_207197.2	7	1	622	>	Val	Met	208	subst	rs768973456	0.0	1	7/20	7	1	1	0	Q13444	ACC	1	nonpolar	nonpolar	nonpolarTOnonpolar	1	1	1TO1	0	A:208:_:VAL	A	H	7.0	65.87	F1	73.72	4	3	1	0	0	0	0	2.0	0.0952380952380952	0.0675839271203587
1	156528563	G	A	RasGAP_protein,_C-terminal	T	T	D	T	D	T	D	T	8.236e-06	D	D	T	T	D	D	T	3.976871e-06	.	D	T	D	D	M	NON_SYNONYMOUS_CODING	MODERATE	MISSENSE	gCt/gTt	p.Ala1540Val	c.4619C>T	IQGAP3	NM_178229.4	36	2	4619	>	Ala	Val	1540	subst	rs764657941	0.0	1	9/20	9	1	1	0	Q86VI3	ACC	0	nonpolar	nonpolar	nonpolarTOnonpolar	0	1	0TO1	0	A:1540:_:ALA	A	H	3.0	83.06	F1	79.63	3	0	3	0	0	0	0	1.0	0.333333333333333	3.43225865501224e-05
1	159588211	T	C	Concanavalin_A-like_lectin/glucanase_domain	T	T	N	T	D	T	D	T	2.471e-05	D	T	T	T	D	D	T	1.99062e-05	.	D	T	T	D	M	NON_SYNONYMOUS_CODING	MODERATE	MISSENSE	Tat/Cat	p.Tyr59His	c.175T>C	APCS	NM_001639.3	2	1	175	>	Tyr	His	59	subst	rs767855061	0.0	1	6/20	6	1	1	0	P02743	ACC	2	aromatic	positivecharge	aromaticTOpositivecharge	0	1	0TO1	0	A:59:_:TYR	A	E	15.0	98.86	F1	94.41	5	3	1	1	0	0	0	2.0	0.019047619047619	0.0199697754749568
1	169727864	A	G	Sushi/SCR/CCP_domain	T	T	N	T	N	T	T	T	8.237000000000001e-06	B	T	T	T	N	N	T	3.983112e-06	.	N	T	T	B	N	NON_SYNONYMOUS_CODING	MODERATE	MISSENSE	aTt/aCt	p.Ile448Thr	c.1343T>C	SELE	NM_000450.2	9	2	1343	>	Ile	Thr	448	subst	rs199700651	0.0	0	0/20	0	0	0	0	P16581	ACC	-1	nonpolar	polar	nonpolarTOpolar	1	1	1TO1	0	A:448:_:ILE	A	T	2.0	80.11	F1	83.42	2	2	0	0	0	0	0	1.0	1.0	0.0
1	175117049	T	A	Fibronectin_type_III	T	T	D	T	N	T	D	D	0.0	D	T	T	T	D	D	T	0.0	.	D	T	T	D	M	NON_SYNONYMOUS_CODING	MODERATE	MISSENSE	Tct/Act	p.Ser744Thr	c.2230T>A	TNN	NM_022093.1	10	1	2230	>	Ser	Thr	744	subst	rs1370105825	0.0	1	7/20	7	1	1	0	Q9UQP3	ACC	1	polar	polar	polarTOpolar	0	1	0TO1	1	A:744:_:SER	A	E	5.0	86.93	F1	80.98	4	2	2	0	0	0	0	0.0	0.0	0.0022847607632208
1	182530322	C	T	RGS_domain	T	.	N	T	N	T	.	T	7.866e-05	B	T	T	T	.	N	T	3.789793e-05	.	N	.	T	B	N	NON_SYNONYMOUS_CODING	MODERATE	MISSENSE	aCg/aTg	p.Thr735Met	c.2204C>T	RGSL1	NM_001137669.1	12	2	2204	>	Thr	Met	735	subst	rs202037903	0.0	0	0/20	0	0	0	0	A5PLK6	ACC	-1	polar	nonpolar	polarTOnonpolar	1	1	1TO1	0	A:735:_:THR	A	H	7.0	87.95	F1	66.96	6	1	5	0	0	0	0	0.0	0.0	0.0006803995006242
1	186677678	G	A	.	D	D	D	T	D	D	D	D	0.0	B	D	T	T	D	D	D	0.0	.	D	D	D	B	M	NON_SYNONYMOUS_CODING	MODERATE	MISSENSE	Cca/Tca	p.Pro204Ser	c.610C>T	PTGS2	NM_000963.3	5	1	610	>	Pro	Ser	204	subst	rs919237837	0.0	0	14/20	14	1	1	1	P35354	ACC	-1	nonpolar	polar	nonpolarTOpolar	0	0	0TO0	0	A:204:_:PRO	A	T	11.0	97.79	F1	93.33	4	4	0	0	0	0	0	2.0	0.0363636363636364	0.0
1	208217087	C	T	Sema_domain|WD40/YVTN_repeat-like-containing_domain	T	T	D	T	D	D	D	D	0.0	D	D	T	D	D	D	D	0.0	.	D	T	D	D	L	NON_SYNONYMOUS_CODING	MODERATE	MISSENSE	cGc/cAc	p.Arg279His	c.836G>A	PLXNA2	NM_025179.3	2	2	836	>	Arg	His	279	subst	rs1474889326	0.0	1	13/20	13	1	1	1	O75051	ACC	0	positivecharge	positivecharge	positivechargeTOpositivecharge	0	1	0TO1	0	A:279:_:ARG	A	E	11.0	96.93	F1	84.4	8	3	5	0	0	0	0	1.0	0.0181818181818182	0.127794034980158
1	209622652	T	C	.	T	T	D	T	N	T	T	T	8.236e-06	B	T	T	T	N	N	T	3.976491e-06	.	N	T	T	B	L	NON_SYNONYMOUS_CODING	MODERATE	MISSENSE	cAg/cGg	p.Gln862Arg	c.2585A>G	LAMB3	NM_000228.2	18	2	2585	>	Gln	Arg	862	subst	rs746900366	0.0	0	1/20	1	0	0	0	Q13751	ACC	1	polar	positivecharge	polarTOpositivecharge	0	0	0TO0	0	A:862:_:GLN	A	H	6.0	73.01	F1	78.11	6	0	6	0	0	0	0	0.0	0.0	0.001915547706482
1	212951784	T	C	.	T	T	D	T	D	T	D	T	8.249e-06	B	T	.	D	D	D	T	8.484067e-06	.	D	T	T	B	L	NON_SYNONYMOUS_CODING	MODERATE	MISSENSE	gTg/gCg	p.Val81Ala	c.242T>C	VASH2	NM_001301056.1	2	2	242	>	Val	Ala	81	subst	rs756578657	0.0	0	7/20	7	1	1	0	Q86V25	ACC	0	nonpolar	nonpolar	nonpolarTOnonpolar	1	0	1TO0	0	A:81:_:VAL	A	H	8.0	97.05	F1	81.14	6	4	2	0	0	0	0	3.0	0.107142857142857	0.0070085103339769
1	216217428	G	T	Laminin_EGF_domain	T	T	D	T	N	D	D	D	0.0	D	D	T	D	U	D	D	0.0	.	D	T	T	D	M	NON_SYNONYMOUS_CODING	MODERATE	MISSENSE	gCa/gAa	p.Ala1039Glu	c.3116C>A	USH2A	NM_206933.2	15	2	3116	>	Ala	Glu	1039	subst	rs1306207778	0.0	1	10/20	10	1	1	1	O75445	ACC	-1	nonpolar	negativecharge	nonpolarTOnegativecharge	0	0	0TO0	1	A:1039:_:ALA	A	E	9.0	88.48	F1	84.49	7	6	1	0	0	0	0	3.0	0.0833333333333333	0.0009481163327317
1	223394847	C	T	.	T	T	N	.	D	T	T	T	0.0	B	T	T	T	.	N	T	1.1969169999999997e-05	.	N	T	T	P	L	NON_SYNONYMOUS_CODING	MODERATE	MISSENSE	Cgg/Tgg	p.Arg458Trp	c.1372C>T	CCDC185	NM_152610.2	1	1	1372	>	Arg	Trp	458	subst	rs1012767484	0.0	1	2/20	2	0	0	0	Q8N715	ACC	-3	positivecharge	aromatic	positivechargeTOaromatic	0	1	0TO1	0	A:458:_:ARG	A	H	4.0	97.84	F1	69.17	4	0	4	0	0	0	0	0.0	0.0	0.0300483168949407
1	226379260	C	T	WGR_domain	T	T	D	T	D	T	D	T	8.236e-06	B	D	T	T	D	D	T	3.976206e-06	.	D	T	T	P	M	NON_SYNONYMOUS_CODING	MODERATE	MISSENSE	Gcg/Acg	p.Ala543Thr	c.1627G>A	PARP1	NM_001618.3	12	1	1627	>	Ala	Thr	543	subst	rs200485374	0.0	1	8/20	8	1	1	0	P09874	ACC	0	nonpolar	polar	nonpolarTOpolar	0	1	0TO1	0	A:543:_:ALA	A	E	4.0	89.13	F1	83.29	4	3	1	0	0	0	0	1.0	0.166666666666667	0.0001073261387162
1	235809128	C	A	Armadillo-type_fold	T	T	D	T	N	D	D	T	0.0	B	T	T	D	N	N	T	0.0	.	N	T	D	B	L	NON_SYNONYMOUS_CODING	MODERATE	MISSENSE	Gct/Tct	p.Ala564Ser	c.1690G>T	LYST	NM_000081.3	5	1	1690	>	Ala	Ser	564	subst	rs1241284431	0.0	0	5/20	5	0	0	0	Q99698	ACC	1	nonpolar	polar	nonpolarTOpolar	0	0	0TO0	1	A:564:_:ALA	A	H	6.0	70.73	F11	73.17	5	3	2	0	0	0	0	1.0	0.0666666666666667	0.0007479324754422
1	236559084	C	T	Armadillo-like_helical|Armadillo-type_fold	T	T	D	T	N	T	T	T	0.0	B	T	T	T	D	N	T	0.0	.	D	T	D	B	N	NON_SYNONYMOUS_CODING	MODERATE	MISSENSE	Gtg/Atg	p.Val1608Met	c.4822G>A	HEATR1	NM_018072.5	35	1	4822	>	Val	Met	1608	subst	rs935067724	0.0	0	4/20	4	0	0	0	Q9H583	ACC	1	nonpolar	nonpolar	nonpolarTOnonpolar	1	1	1TO1	0	A:1608:_:VAL	A	H	5.0	73.59	F1	76.44	5	4	1	0	0	0	0	1.0	0.1	0.0004707962772645
1	247605716	C	A	GPCR,_rhodopsin-like,_7TM	T	T	N	T	D	T	D	T	0.0	P	D	T	T	U	N	T	0.0	.	N	T	T	P	M	NON_SYNONYMOUS_CODING	MODERATE	MISSENSE	aCc/aAc	p.Thr44Asn	c.131C>A	OR2G3	NM_001001914.1	1	2	131	>	Thr	Asn	44	subst	rs200831993	0.0	1	4/20	4	1	0	0	Q8NGZ4	ACC	0	polar	polar	polarTOpolar	1	0	1TO0	1	A:44:_:THR	A	H	6.0	94.31	F1	89.11	6	2	4	0	0	0	0	1.0	0.0666666666666667	0.0143970189701897
1	248406578	T	C	GPCR,_rhodopsin-like,_7TM	T	T	N	T	N	.	T	T	0.00168	P	T	T	T	U	N	T	0.00210161	.	N	T	T	P	N	NON_SYNONYMOUS_CODING	MODERATE	MISSENSE	aTa/aCa	p.Ile195Thr	c.584T>C	OR2T1	NM_030904.1	1	2	584	>	Ile	Thr	195	subst	rs138350213	1.0	1	1/20	1	0	0	0	O43869	ACC	-1	nonpolar	polar	nonpolarTOpolar	1	1	1TO1	0	A:195:_:ILE	A	H	17.0	96.08	F1	80.26	9	5	4	0	0	0	0	6.0	0.0441176470588235	0.0260561890660154
1	248593008	G	A	GPCR,_rhodopsin-like,_7TM	T	T	N	T	D	T	D	T	0.0	P	D	T	D	.	N	T	4.090314e-06	.	N	T	T	P	M	NON_SYNONYMOUS_CODING	MODERATE	MISSENSE	gCt/gTt	p.Ala254Val	c.761C>T	OR2T10	NM_001004693.1	1	2	761	>	Ala	Val	254	subst	rs1375160354	0.0	1	5/20	5	1	1	0	Q8NGZ9	ACC	0	nonpolar	nonpolar	nonpolarTOnonpolar	0	1	0TO1	0	A:254:_:ALA	A	H	6.0	85.73	F1	88.53	6	2	4	0	0	0	0	1.0	0.0666666666666667	0.0283419817148505
2	27282891	G	A	RING-type_zinc-finger,_LisH_dimerisation_motif|Zinc_finger,_RING-type|Zinc_finger,_RING/FYVE/PHD-type	T	T	N	T	N	T	T	T	0.0	B	T	T	T	D	N	T	0.0	.	D	T	T	B	N	NON_SYNONYMOUS_CODING	MODERATE	MISSENSE	Gtc/Atc	p.Val54Ile	c.160G>A	TRIM54	NM_032546.3	1	1	160	>	Val	Ile	54	subst	rs988891315	0.0	0	2/20	2	0	0	0	Q9BYV2	ACC	3	nonpolar	nonpolar	nonpolarTOnonpolar	1	1	1TO1	0	A:54:_:VAL	A	H	5.0	93.29	F1	83.92	5	1	4	0	0	0	0	1.0	0.1	0.021789020396586
2	31387814	C	A	FAD-binding,_type_2|Xanthine_dehydrogenase,_small_subunit|[2Fe-2S]-binding	T	T	D	T	D	D	D	T	0.0	D	D	T	D	D	N	T	0.0	.	D	T	D	D	H	NON_SYNONYMOUS_CODING	MODERATE	MISSENSE	ttG/ttT	p.Leu216Phe	c.648G>T	XDH	NM_000379.3	8	3	648	>	Leu	Phe	216	subst	rs751740411	0.0	1	11/20	11	1	1	1	P47989	ACC	0	nonpolar	aromatic	nonpolarTOaromatic	1	1	1TO1	1	A:216:_:LEU	A	H	15.0	96.95	F1	96.1	9	6	3	0	0	0	0	4.0	0.0380952380952381	0.0092686245547412
2	74887977	G	T	Hexokinase,_C-terminal	D	D	D	D	D	D	D	D	0.0	D	D	D	D	D	D	D	7.953994e-06	.	D	D	D	D	M	NON_SYNONYMOUS_CODING	MODERATE	MISSENSE	gGa/gTa	p.Gly765Val	c.2294G>T	HK2	NM_000189.4	16	2	2294	>	Gly	Val	765	subst	rs1264600281	0.0	1	18/20	18	1	1	1	P52789	ACC	-3	nonpolar	nonpolar	nonpolarTOnonpolar	0	1	0TO1	1	A:765:_:GLY	A	H	1.0	88.69	F1	91.93	1	0	1	0	0	0	0	0.0	0.0	0.0
2	85350870	C	T	FAD/NAD(P)-binding_domain	T	T	D	T	N	T	T	T	4.942e-05	B	T	T	T	D	D	T	3.976681e-05	.	D	T	T	B	L	NON_SYNONYMOUS_CODING	MODERATE	MISSENSE	atG/atA	p.Met169Ile	c.507G>A	RETSAT	NM_017750.3	3	3	507	>	Met	Ile	169	subst	rs201722519	0.0	0	4/20	4	0	0	0	Q6NUM9	ACC	1	nonpolar	nonpolar	nonpolarTOnonpolar	1	1	1TO1	0	A:169:_:MET	A	E	17.0	98.45	F1	95.22	8	6	2	0	0	0	0	1.0	0.0073529411764705	0.0244630953859621
2	96296982	T	C	DEAD/DEAH_box_helicase_domain|Helicase_superfamily_1/2,_ATP-binding_domain|P-loop_containing_nucleoside_triphosphate_hydrolase	T	T	D	T	D	T	T	T	0.0	B	T	T	T	N	N	T	3.977029e-06	.	D	T	D	B	M	NON_SYNONYMOUS_CODING	MODERATE	MISSENSE	tAc/tGc	p.Tyr489Cys	c.1466A>G	SNRNP200	NM_014014.4	12	2	1466	>	Tyr	Cys	489	subst	rs1259944697	0.0	0	4/20	4	1	0	0	O75643	ACC	-2	aromatic	polar	aromaticTOpolar	0	0	0TO0	0	A:489:_:TYR	A	H	8.0	92.65	F1	83.58	5	2	3	0	0	0	0	2.0	0.0714285714285714	0.0019331913786408
2	102381682	G	A	Immunoglobulin_subtype|Immunoglobulin-like_domain|Immunoglobulin-like_fold	D	T	D	T	D	D	D	D	8.237000000000001e-06	D	D	T	D	D	D	D	3.98705e-06	.	D	T	T	D	M	NON_SYNONYMOUS_CODING+SPLICE_SITE_REGION	MODERATE	MISSENSE	Gga/Aga	p.Gly230Arg	c.688G>A	IL18R1	NM_003855.3	6	1	688	>	Gly	Arg	230	subst	rs746216073	0.0	1	13/20	13	1	1	1	Q13478	ACC	-2	nonpolar	positivecharge	nonpolarTOpositivecharge	0	0	0TO0	0	A:230:_:GLY	A	E	1.0	88.82	F1	79.92	1	0	1	0	0	0	0	0.0	0.0	0.0
2	105269628	G	T	Tetratricopeptide-like_helical_domain	T	T	D	T	N	T	T	T	0.0	B	T	T	T	N	D	T	4.068249e-06	.	D	T	T	B	L	NON_SYNONYMOUS_CODING	MODERATE	MISSENSE	Cat/Aat	p.His684Asn	c.2050C>A	TGFBRAP1	NM_001142621.2	11	1	2050	>	His	Asn	684	subst	rs1262491392	0.0	0	3/20	3	0	0	0	Q8WUH2	ACC	1	positivecharge	polar	positivechargeTOpolar	1	0	1TO0	1	A:684:_:HIS	A	H	9.0	85.41	F1	86.83	5	1	3	1	0	0	0	0.0	0.0	0.0048704500402806
2	105855229	G	A	Nck2,_SH3_domain_1|SH3_domain\x3bSH3_domain	T	D	D	D	D	D	D	D	8.237000000000001e-06	D	D	T	D	D	D	D	4.005447e-06	.	D	T	D	D	M	NON_SYNONYMOUS_CODING	MODERATE	MISSENSE	Gtg/Atg	p.Val56Met	c.166G>A	NCK2	NM_001004720.2	2	1	166	>	Val	Met	56	subst	rs761188698	0.0	1	15/20	15	1	1	1	O43639	ACC	1	nonpolar	nonpolar	nonpolarTOnonpolar	1	1	1TO1	0	A:56:_:VAL	A	E	7.0	89.42	F1	72.88	6	5	1	0	0	0	0	2.0	0.0952380952380952	0.0043099577983298
2	121735713	T	C	RNA_recognition_motif_domain	T	T	D	T	D	T	D	T	1.647e-05	B	D	T	D	D	N	T	7.956146e-06	.	D	T	D	P	M	NON_SYNONYMOUS_CODING	MODERATE	MISSENSE	tAt/tGt	p.Tyr48Cys	c.143A>G	NIFK	NM_032390.4	2	2	143	>	Tyr	Cys	48	subst	rs748810988	0.0	1	9/20	9	1	1	0	Q9BYG3	ACC	-2	aromatic	polar	aromaticTOpolar	0	0	0TO0	0	A:48:_:TYR	A	E	11.0	97.41	F1	73.62	5	2	1	2	0	0	0	0.0	0.0	0.0694306026177663
2	124434492	G	A	Concanavalin_A-like_lectin/glucanase_domain|Laminin_G_domain	T	T	D	T	N	D	T	T	1.655e-05	B	T	T	T	N	N	T	2.008403e-05	.	D	T	T	B	M	NON_SYNONYMOUS_CODING	MODERATE	MISSENSE	Gtt/Att	p.Val180Ile	c.538G>A	CNTNAP5	NM_130773.3	5	1	538	>	Val	Ile	180	subst	rs774298612	0.0	0	3/20	3	0	0	0	Q8WYK1	ACC	3	nonpolar	nonpolar	nonpolarTOnonpolar	1	1	1TO1	0	A:180:_:VAL	A	E	2.0	95.15	F1	83.67	2	2	0	0	0	0	0	0.0	0.0	0.0005224660397074
2	134981158	T	C	Protein_kinase_domain|Protein_kinase,_ATP_binding_site|Protein_kinase-like_domain\x3bProtein_kinase_domain|Protein_kinase-like_domain	T	T	D	T	D	T	D	T	0.0	P	D	T	D	D	D	T	3.978136e-06	.	D	T	D	P	N	NON_SYNONYMOUS_CODING	MODERATE	MISSENSE	Atg/Gtg	p.Met1195Val	c.3583A>G	MAP3K19	NM_025052.4	9	1	3583	>	Met	Val	1195	subst	rs1339848808	0.0	1	10/20	10	1	1	1	Q56UN5	ACC	1	nonpolar	nonpolar	nonpolarTOnonpolar	1	1	1TO1	0	A:1195:_:MET	A	E	8.0	95.37	F1	44.58	5	3	2	0	0	0	0	1.0	0.0357142857142857	0.0102599814298979
2	189775595	C	T	.	D	T	D	T	D	T	D	D	4.119e-05	B	D	.	D	D	D	D	8.182435999999999e-05	.	D	T	D	P	M	NON_SYNONYMOUS_CODING	MODERATE	MISSENSE	cGg/cAg	p.Arg99Gln	c.296G>A	ORMDL1	NM_001128150.1	3	2	296	>	Arg	Gln	99	subst	rs781542210	0.0	1	13/20	13	1	1	1	Q9P0S3	ACC	1	positivecharge	polar	positivechargeTOpolar	0	0	0TO0	0	A:99:_:ARG	A	H	8.0	97.97	F1	93.57	8	1	6	0	0	0	1	1.0	0.0357142857142857	0.055942509673853
2	197707180	G	A	.	T	T	D	T	N	T	T	T	1.647e-05	B	D	T	T	N	N	T	2.444589e-05	.	N	T	T	B	N	NON_SYNONYMOUS_CODING	MODERATE	MISSENSE	cGg/cAg	p.Arg592Gln	c.1775G>A	MARS2	NM_138395.3	1	2	1775	>	Arg	Gln	592	subst	rs377701225	0.0	0	2/20	2	0	0	0	Q96GW9	ACC	1	positivecharge	polar	positivechargeTOpolar	0	0	0TO0	0	A:592:_:ARG	A	H	1.0	32.15	F1	89.65	1	0	1	0	0	0	0	0.0	0.0	0.0
1	6428274	G	C	Ankyrin_repeat-containing_domain	T	D	D	T	D	D	D	T	8.238e-06	D	D	T	D	D	D	D	4.004164e-06	.	D	D	D	D	M	NON_SYNONYMOUS_CODING	MODERATE	MISSENSE	Ggc/Cgc	p.Gly115Arg	c.343G>C	ESPN	NM_031475.2	2	1	343	>	Gly	Arg	115	subst	rs765867875	0.0	1	14/20	14	1	1	1	B1AK53	ACC	-2	nonpolar	positivecharge	nonpolarTOpositivecharge	0	0	0TO0	1	A:115:_:GLY	A	T	1.0	94.01	F1	68.31	1	0	1	0	0	0	0	0.0	0.0	0.0
1	78920294	C	A	GPCR,_family_2-like	T	T	D	D	N	T	D	T	0.0	B	T	T	T	D	D	T	4.0292360000000005e-06	.	D	T	D	B	.	NON_SYNONYMOUS_CODING	MODERATE	MISSENSE	tgG/tgT	p.Trp450Cys	c.1350G>T	ELTD1	NM_022159.3	10	3	1350	>	Trp	Cys	450	subst	rs755271420	0.0	0	7/20	7	0	0	0	Q9HBW9	ACC	-2	aromatic	polar	aromaticTOpolar	1	0	1TO0	1	A:450:_:TRP	A	H	2.0	85.94	F1	81.26	2	0	2	0	0	0	0	0.0	0.0	0.0006525530415901
1	114713909	G	T	P-loop_containing_nucleoside_triphosphate_hydrolase|Small_GTP-binding_protein_domain	D	D	D	D	D	D	D	D	0.0	P	D	D	D	U	D	D	0.0	.	D	D	D	P	M	NON_SYNONYMOUS_CODING	MODERATE	MISSENSE	Caa/Aaa	p.Gln61Lys	c.181C>A	NRAS	NM_002524.4	3	1	181	>	Gln	Lys	61	subst	rs121913254	0.0	1	17/20	17	1	1	1	P01111	ACC	1	polar	positivecharge	polarTOpositivecharge	0	1	0TO1	1	A:61:_:GLN	A	S	3.0	83.89	F1	92.3	3	2	1	0	0	0	0	0.0	0.0	0.0119733924611973
1	152156957	G	A	EF-hand_domain_pair|S-100	T	T	D	T	D	T	D	T	1.661e-05	D	D	T	D	.	N	T	8.216724000000001e-06	.	N	T	T	D	M	NON_SYNONYMOUS_CODING	MODERATE	MISSENSE	Cca/Tca	p.Pro48Ser	c.142C>T	RPTN	NM_001122965.1	3	1	142	>	Pro	Ser	48	subst	rs768956118	0.0	1	6/20	6	1	1	0	Q6XPR3	ACC	-1	nonpolar	polar	nonpolarTOpolar	0	0	0TO0	0	A:48:_:PRO	A	T	3.0	54.6	F1	42.97	2	2	0	0	0	0	0	0.0	0.0	0.0
1	155287811	G	A	.	T	T	D	T	N	T	T	T	4.942e-05	P	T	T	T	N	N	T	3.256852000000001e-05	.	D	T	.	P	L	NON_SYNONYMOUS_CODING	MODERATE	MISSENSE	cGc/cAc	p.Arg558His	c.1673G>A	HCN3	NM_020897.2	8	2	1673	>	Arg	His	558	subst	rs756971954	0.0	1	3/20	3	0	0	0	Q9P1Z3	ACC	0	positivecharge	positivecharge	positivechargeTOpositivecharge	0	1	0TO1	0	A:558:_:ARG	A	H	4.0	62.86	F1	73.65	3	1	2	0	0	0	0	2.0	0.333333333333333	0.0
1	156658626	C	T	Sushi/SCR/CCP_domain	T	T	D	T	D	D	D	D	1.647e-05	D	D	T	D	N	D	D	7.959122e-06	.	D	T	D	D	M	NON_SYNONYMOUS_CODING	MODERATE	MISSENSE	Cgc/Tgc	p.Arg841Cys	c.2521C>T	BCAN	NM_021948.4	13	1	2521	>	Arg	Cys	841	subst	rs377573150	0.0	1	12/20	12	1	1	1	Q96GW7	ACC	-3	positivecharge	polar	positivechargeTOpolar	0	0	0TO0	0	A:841:_:ARG	A	E	3.0	92.97	F1	69.73	2	1	1	0	0	0	0	0.0	0.0	0.00130352918457
1	204124850	G	A	High_mobility_group_box_domain	T	T	N	T	N	T	T	T	0.0	B	D	T	T	N	N	T	0.0	.	N	T	T	P	L	NON_SYNONYMOUS_CODING	MODERATE	MISSENSE	Gtg/Atg	p.Val529Met	c.1585G>A	SOX13	NM_005686.2	13	1	1585	>	Val	Met	529	subst	rs1484853955	0.0	1	2/20	2	0	0	0	Q9UN79	ACC	1	nonpolar	nonpolar	nonpolarTOnonpolar	1	1	1TO1	0	A:529:_:VAL	A	H	1.0	63.56	F1	61.7	1	0	1	0	0	0	0	0.0	0.0	0.0
1	209623062	C	A	.	T	T	N	T	N	D	D	T	8.236e-06	P	D	T	D	N	N	T	0.0	.	N	T	T	D	M	NON_SYNONYMOUS_CODING	MODERATE	MISSENSE	Ggt/Tgt	p.Gly826Cys	c.2476G>T	LAMB3	NM_000228.2	17	1	2476	>	Gly	Cys	826	subst	rs763401881	0.0	1	5/20	5	1	1	0	Q13751	ACC	-3	nonpolar	polar	nonpolarTOpolar	0	0	0TO0	1	A:826:_:GLY	A	H	3.0	73.31	F1	78.11	3	0	3	0	0	0	0	0.0	0.0	0.0015642082247077
1	211673529	G	A	Protein_kinase_domain|Protein_kinase-like_domain	T	T	D	T	D	D	D	D	0.0	D	D	T	D	D	D	D	3.980258e-06	.	D	T	D	D	L	NON_SYNONYMOUS_CODING	MODERATE	MISSENSE	aCg/aTg	p.Thr170Met	c.509C>T	NEK2	NM_002497.3	3	2	509	>	Thr	Met	170	subst	rs759517583	0.0	1	13/20	13	1	1	1	P51955	ACC	-1	polar	nonpolar	polarTOnonpolar	1	1	1TO1	0	A:170:_:THR	A	H	4.0	45.43	F1	78.75	4	1	3	0	0	0	0	2.0	0.333333333333333	0.0161710697784623
1	216200033	C	G	Fibronectin_type_III|Immunoglobulin-like_fold	T	T	D	T	N	D	T	T	2.471e-05	B	T	D	D	N	N	T	1.990874e-05	.	D	T	T	B	L	NON_SYNONYMOUS_CODING	MODERATE	MISSENSE	agG/agC	p.Arg1135Ser	c.3405G>C	USH2A	NM_206933.2	17	3	3405	>	Arg	Ser	1135	subst	rs372843685	0.0	0	5/20	5	0	0	0	O75445	ACC	-1	positivecharge	polar	positivechargeTOpolar	0	0	0TO0	1	A:1135:_:ARG	A	E	7.0	92.61	F1	84.49	4	2	1	0	1	0	0	0.0	0.0	0.0
1	248273718	C	T	.	T	T	N	T	N	T	T	T	4.943e-05	B	D	T	D	U	N	T	4.017807000000001e-05	.	N	T	T	P	N	NON_SYNONYMOUS_CODING	MODERATE	MISSENSE	Gtt/Att	p.Val33Ile	c.97G>A	OR2T33	NM_001004695.1	1	1	97	>	Val	Ile	33	subst	rs138653777	0.0	1	3/20	3	0	0	0	Q8NG76	ACC	3	nonpolar	nonpolar	nonpolarTOnonpolar	1	1	1TO1	0	A:33:_:VAL	A	H	11.0	91.15	F1	88.14	7	3	4	0	0	0	0	3.0	0.0545454545454545	0.0307692307692308
2	1516964	C	T	EGF-like_calcium-binding_domain|EGF-like_calcium-binding,_conserved_site|EGF-like_domain\x3bEGF-like_calcium-binding_domain|EGF-like_calcium-binding,_conserved_site|EGF-like_domain|EGF-like,_conserved_site	T	T	N	T	N	D	D	T	0.0	B	D	T	D	N	N	T	1.196201e-05	.	N	T	D	B	N	NON_SYNONYMOUS_CODING	MODERATE	MISSENSE	tCg/tTg	p.Ser867Leu	c.2600C>T	TPO	NM_000547.5	15	2	2600	>	Ser	Leu	867	subst	rs1296531286	0.0	0	5/20	5	1	1	0	P07202	ACC	-2	polar	nonpolar	polarTOnonpolar	0	1	0TO1	0	A:867:_:SER	A	H	3.0	68.33	F1	84.4	3	0	3	0	0	0	0	0.0	0.0	7.64263059345027e-05
2	47414288	C	T	DNA_mismatch_repair_protein_MutS,_connector_domain	D	D	D	T	D	D	D	D	0.0	P	D	D	D	N	D	D	0.0	.	D	D	D	D	M	NON_SYNONYMOUS_CODING	MODERATE	MISSENSE	tCt/tTt	p.Ser271Phe	c.812C>T	MSH2	NM_000251.2	5	2	812	>	Ser	Phe	271	subst	rs139891783	0.0	1	16/20	16	1	1	1	P43246	ACC	-2	polar	aromatic	polarTOaromatic	0	1	0TO1	0	A:271:_:SER	A	H	4.0	94.25	F1	84.42	4	1	3	0	0	0	0	2.0	0.333333333333333	0.0016826379349343
2	124504489	C	A	Concanavalin_A-like_lectin/glucanase_domain|Laminin_G_domain	T	T	D	T	N	D	T	T	0.0	B	T	T	T	N	N	T	4.01855e-06	.	N	T	T	B	N	NON_SYNONYMOUS_CODING	MODERATE	MISSENSE	agC/agA	p.Ser419Arg	c.1257C>A	CNTNAP5	NM_130773.3	8	3	1257	>	Ser	Arg	419	subst	rs934010795	0.0	0	2/20	2	0	0	0	Q8WYK1	ACC	-1	polar	positivecharge	polarTOpositivecharge	0	0	0TO0	1	A:419:_:SER	A	E	2.0	95.35	F1	83.67	1	0	1	0	0	0	0	0.0	0.0	0.0
2	190437158	G	A	Major_facilitator_superfamily_associated_domain|Major_facilitator_superfamily_domain	T	T	D	T	N	D	T	T	4.942e-05	D	T	T	D	D	D	D	6.760626000000001e-05	.	D	D	D	D	M	NON_SYNONYMOUS_CODING	MODERATE	MISSENSE	Gtt/Att	p.Val377Ile	c.1129G>A	MFSD6	NM_017694.3	3	1	1129	>	Val	Ile	377	subst	rs554501896	0.0	1	10/20	10	1	1	1	Q6ZSS7	ACC	3	nonpolar	nonpolar	nonpolarTOnonpolar	1	1	1TO1	0	A:377:_:VAL	A	H	4.0	97.42	F1	66.28	4	0	4	0	0	0	0	0.0	0.0	0.0010644004157028
2	206750962	G	A	Lactate_dehydrogenase/glycoside_hydrolase,_family_4,_C-terminal	T	T	D	T	D	D	T	T	3.295e-05	B	T	T	D	N	D	T	3.207441e-05	.	D	T	T	P	M	NON_SYNONYMOUS_CODING	MODERATE	MISSENSE	Cgc/Tgc	p.Arg342Cys	c.1024C>T	MDH1B	NM_001039845.2	6	1	1024	>	Arg	Cys	342	subst	rs780661298	0.0	1	7/20	7	1	1	0	Q5I0G3	ACC	-3	positivecharge	polar	positivechargeTOpolar	0	0	0TO0	0	A:342:_:ARG	A	E	4.0	94.1	F1	86.69	3	1	2	0	0	0	0	1.0	0.166666666666667	0.0031828252254501
2	207861250	T	C	Putative_zinc-RING_and/or_ribbon	T	T	D	T	N	T	D	D	0.0	D	T	D	D	D	D	D	0.0	.	D	T	.	D	N	NON_SYNONYMOUS_CODING	MODERATE	MISSENSE	Aag/Gag	p.Lys655Glu	c.1963A>G	PLEKHM3	NM_001080475.2	7	1	1963	>	Lys	Glu	655	subst	rs1291823997	0.0	1	10/20	10	1	1	1	Q6ZWE6	ACC	1	positivecharge	negativecharge	positivechargeTOnegativecharge	1	0	1TO0	0	A:655:_:LYS	A	G	3.0	97.42	F1	65.71	3	1	2	0	0	0	0	0.0	0.0	0.0033256217466743
2	211725164	T	C	Furin-like_cysteine-rich_domain|Growth_factor_receptor_cysteine-rich_domain|Receptor_L-domain\x3bLeucine-rich_repeat_domain,_L_domain-like|Receptor_L-domain	D	T	D	D	D	D	D	D	0.0	D	T	T	T	D	D	D	0.0	.	D	T	D	D	N	NON_SYNONYMOUS_CODING	MODERATE	MISSENSE	gAc/gGc	p.Asp218Gly	c.653A>G	ERBB4	NM_005235.2	6	2	653	>	Asp	Gly	218	subst	rs890173173	0.0	1	13/20	13	1	1	1	Q15303	ACC	-1	negativecharge	nonpolar	negativechargeTOnonpolar	0	0	0TO0	0	A:218:_:ASP	A	S	1.0	90.49	F1	73.09	1	0	1	0	0	0	0	0.0	0.0	0.0
2	216477131	G	A	Helicase,_C-terminal|P-loop_containing_nucleoside_triphosphate_hydrolase	D	D	D	T	D	D	D	D	0.0	D	D	D	D	D	D	D	4.780435e-06	.	D	D	D	D	H	NON_SYNONYMOUS_CODING	MODERATE	MISSENSE	cGc/cAc	p.Arg817His	c.2450G>A	SMARCAL1	NM_001127207.1	16	2	2450	>	Arg	His	817	subst	rs1172616375	0.0	1	18/20	18	1	1	1	Q9NZC9	ACC	0	positivecharge	positivecharge	positivechargeTOpositivecharge	0	1	0TO1	0	A:817:_:ARG	A	H	10.0	87.17	F1	70.63	10	4	6	0	0	0	0	2.0	0.0444444444444444	0.10101521008707
2	224401519	G	A	.	T	T	N	T	D	D	D	T	0.0	P	D	T	D	N	D	T	3.980892e-06	.	N	T	D	D	M	NON_SYNONYMOUS_CODING	MODERATE	MISSENSE	Cgc/Tgc	p.Arg84Cys	c.250C>T	FAM124B	NM_001122779.1	1	1	250	>	Arg	Cys	84	subst	rs1280865122	0.0	1	8/20	8	1	1	0	Q9H5Z6	ACC	-3	positivecharge	polar	positivechargeTOpolar	0	0	0TO0	0	A:84:_:ARG	A	H	4.0	89.17	F1	64.19	4	0	4	0	0	0	0	0.0	0.0	0.0092128327422445
2	230238312	G	A	HSR_domain	T	T	N	T	N	T	T	T	0.0	B	T	D	T	.	N	T	0.0	.	N	D	T	B	L	NON_SYNONYMOUS_CODING	MODERATE	MISSENSE	Gca/Aca	p.Ala113Thr	c.337G>A	SP140	NM_007237.4	3	1	337	>	Ala	Thr	113	subst	rs1472237343	0.0	0	2/20	2	0	0	0	Q13342	ACC	0	nonpolar	polar	nonpolarTOpolar	0	1	0TO1	0	A:113:_:ALA	A	H	6.0	88.81	F1	58.09	5	1	4	0	0	0	0	3.0	0.2	0.0138342073730568
2	232482460	G	A	Metallopeptidase,_catalytic_domain|Peptidase_M13,_C-terminal_domain	D	D	D	T	D	D	D	D	3.295e-05	P	D	D	D	D	D	D	1.989021e-05	.	D	D	D	D	M	NON_SYNONYMOUS_CODING	MODERATE	MISSENSE	gCg/gTg	p.Ala585Val	c.1754C>T	ECEL1	NM_004826.3	12	2	1754	>	Ala	Val	585	subst	rs775694744	0.0	1	17/20	17	1	1	1	O95672	ACC	0	nonpolar	nonpolar	nonpolarTOnonpolar	0	1	0TO1	0	A:585:_:ALA	A	G	9.0	96.15	F1	88.4	6	4	2	0	0	0	0	2.0	0.0555555555555556	0.0243834622823985
2	233182412	A	G	Endonuclease/exonuclease/phosphatase|Inositol_polyphosphate-related_phosphatase	D	D	D	T	N	D	D	D	8.263999999999999e-06	B	T	D	D	N	D	D	4.012036e-06	.	D	D	.	B	.	NON_SYNONYMOUS_CODING+SPLICE_SITE_REGION	MODERATE	MISSENSE	Agt/Ggt	p.Ser692Gly	c.2074A>G	INPP5D	NM_001017915.2	19	1	2074	>	Ser	Gly	692	subst	rs772915023	0.0	0	12/20	12	0	0	0	Q92835	ACC	0	polar	nonpolar	polarTOnonpolar	0	0	0TO0	0	A:692:_:SER	A	E	4.0	98.74	F1	72.73	3	2	1	0	0	0	0	1.0	0.166666666666667	0.0067711598746081
2	233445642	C	T	Diacylglycerol_kinase,_catalytic_domain|Inorganic_polyphosphate/ATP-NAD_kinase,_domain_1|NAD_kinase/diacylglycerol_kinase-like_domain	D	D	D	D	D	D	D	D	8.236e-06	D	D	T	D	D	D	D	0.0	.	D	D	.	D	H	NON_SYNONYMOUS_CODING	MODERATE	MISSENSE	cCg/cTg	p.Pro405Leu	c.1214C>T	DGKD	NM_152879.2	11	2	1214	>	Pro	Leu	405	subst	rs139149715	0.0	1	17/20	17	1	1	1	Q16760	ACC	-3	nonpolar	nonpolar	nonpolarTOnonpolar	0	1	0TO1	0	A:405:_:PRO	A	E	8.0	92.27	F1	72.1	6	5	1	0	0	0	0	3.0	0.107142857142857	0.110770124617321
2	237708568	C	T	.	T	T	D	D	D	D	D	D	1.649e-05	D	D	T	D	D	N	D	1.748817e-05	.	D	T	D	D	M	NON_SYNONYMOUS_CODING	MODERATE	MISSENSE	Cgg/Tgg	p.Arg31Trp	c.91C>T	LRRFIP1	NM_001137552.1	2	1	91	>	Arg	Trp	31	subst	rs755985867	0.0	1	13/20	13	1	1	1	Q32MZ4	ACC	-3	positivecharge	aromatic	positivechargeTOaromatic	0	1	0TO1	0	A:31:_:ARG	A	H	9.0	97.06	F1	55.81	7	1	5	0	1	0	0	0.0	0.0	0.15642808847677
2	240139237	C	T	.	D	T	D	T	D	D	D	T	1.647e-05	D	D	T	D	D	D	D	2.386939e-05	.	D	T	D	D	.	NON_SYNONYMOUS_CODING	MODERATE	MISSENSE	cGa/cAa	p.Arg68Gln	c.203G>A	OTOS	NM_148961.3	4	2	203	>	Arg	Gln	68	subst	rs376456799	0.0	1	13/20	13	1	1	1	Q8NHW6	ACC	1	positivecharge	polar	positivechargeTOpolar	0	0	0TO0	0	A:68:_:ARG	A	H	13.0	89.72	F1	80.25	8	2	6	0	0	0	0	1.0	0.0128205128205128	0.0825174825174825
3	319804	C	G	.	T	T	N	T	N	.	T	T	0.0005440999999999	B	T	T	T	N	N	T	0.0008144891	.	N	T	T	B	.	NON_SYNONYMOUS_CODING	MODERATE	MISSENSE	Cta/Gta	p.Leu10Val	c.28C>G	CHL1	NM_006614.3	3	1	28	>	Leu	Val	10	subst	rs139673243	1.0	0	0/20	0	0	0	0	O00533	ACC	1	nonpolar	nonpolar	nonpolarTOnonpolar	1	1	1TO1	1	A:10:_:LEU	A	H	3.0	42.03	F1	77.98	3	0	3	0	0	0	0	0.0	0.0	5.09159333665394e-05
3	9751153	G	A	8-oxoguanine_DNA_glycosylase,_N-terminal|Helix-turn-helix,_base-excision_DNA_repair,_C-terminal	T	T	D	T	N	T	T	T	0.0	B	D	T	D	N	D	T	3.979054e-06	.	N	T	T	P	M	NON_SYNONYMOUS_CODING	MODERATE	MISSENSE	Gtg/Atg	p.Val116Met	c.346G>A	OGG1	NM_016821.2	2	1	346	>	Val	Met	116	subst	rs1426795348	0.0	1	5/20	5	1	1	0	O15527	ACC	1	nonpolar	nonpolar	nonpolarTOnonpolar	1	1	1TO1	0	A:116:_:VAL	A	H	3.0	98.59	F1	92.43	3	1	2	0	0	0	0	0.0	0.0	0.0
3	16433876	C	T	.	T	T	D	T	D	D	D	D	0.0	D	D	T	D	D	D	D	3.976776e-06	.	D	T	D	D	M	NON_SYNONYMOUS_CODING	MODERATE	MISSENSE	Gcc/Acc	p.Ala103Thr	c.307G>A	RFTN1	NM_015150.1	3	1	307	>	Ala	Thr	103	subst	rs1360540913	0.0	1	13/20	13	1	1	1	Q14699	ACC	0	nonpolar	polar	nonpolarTOpolar	0	1	0TO1	0	A:103:_:ALA	A	E	6.0	97.91	F1	65.77	4	3	1	0	0	0	0	0.0	0.0	0.0045257154816093
3	30834245	G	T	Pyridoxal_phosphate-dependent_transferase|Pyridoxal_phosphate-dependent_transferase,_major_region,_subdomain_1	T	T	D	T	D	D	D	T	0.0	D	D	T	D	D	N	T	0.0	.	D	T	D	D	M	NON_SYNONYMOUS_CODING	MODERATE	MISSENSE	Cac/Aac	p.His314Asn	c.940C>A	GADL1	NM_207359.2	10	1	940	>	His	Asn	314	subst	rs1369572539	0.0	1	10/20	10	1	1	1	Q6ZQY3	ACC	1	positivecharge	polar	positivechargeTOpolar	1	0	1TO0	1	A:314:_:HIS	A	H	11.0	98.66	F1	94.77	7	4	3	0	0	0	0	3.0	0.0545454545454545	0.0176635139321706
3	32954356	C	T	.	D	T	D	T	D	D	D	D	0.0	D	D	T	D	N	D	T	3.98086e-06	.	D	T	D	D	M	NON_SYNONYMOUS_CODING	MODERATE	MISSENSE	Cgc/Tgc	p.Arg312Cys	c.934C>T	CCR4	NM_005508.4	2	1	934	>	Arg	Cys	312	subst	rs1432823572	0.0	1	12/20	12	1	1	1	P51679	ACC	-3	positivecharge	polar	positivechargeTOpolar	0	0	0TO0	0	A:312:_:ARG	A	H	4.0	88.49	F1	80.56	4	1	3	0	0	0	0	1.0	0.166666666666667	0.0111218257794921
3	46677012	C	T	.	T	T	N	T	N	T	T	T	4.120000000000001e-05	B	T	T	T	N	N	T	3.327427e-05	.	N	T	D	P	L	NON_SYNONYMOUS_CODING	MODERATE	MISSENSE	Gtg/Atg	p.Val590Met	c.1768G>A	ALS2CL	NM_001190707.1	17	1	1768	>	Val	Met	590	subst	rs200208936	0.0	1	2/20	2	0	0	0	Q60I27	ACC	1	nonpolar	nonpolar	nonpolarTOnonpolar	1	1	1TO1	0	A:590:_:VAL	A	B	3.0	73.23	F1	81.47	2	2	0	0	0	0	0	1.0	0.333333333333333	0.0
3	49174395	A	G	Kelch-type_beta_propeller	D	D	D	T	D	D	D	D	0.0	D	D	T	D	N	D	D	3.9922070000000005e-06	.	D	D	D	D	H	NON_SYNONYMOUS_CODING	MODERATE	MISSENSE	tAt/tGt	p.Tyr178Cys	c.533A>G	KLHDC8B	NM_173546.2	3	2	533	>	Tyr	Cys	178	subst	rs1279064899	0.0	1	16/20	16	1	1	1	Q8IXV7	ACC	-2	aromatic	polar	aromaticTOpolar	0	0	0TO0	0	A:178:_:TYR	A	E	13.0	98.3	F1	94.85	8	4	1	3	0	0	0	3.0	0.0384615384615385	0.081002931958346
3	52785180	T	C	.	T	T	D	T	D	T	D	T	0.0	B	D	T	D	N	D	T	7.96191e-06	.	N	T	D	P	M	NON_SYNONYMOUS_CODING	MODERATE	MISSENSE	aTt/aCt	p.Ile515Thr	c.1544T>C	ITIH1	NM_002215.3	12	2	1544	>	Ile	Thr	515	subst	rs1447574116	0.0	1	8/20	8	1	1	0	P19827	ACC	-1	nonpolar	polar	nonpolarTOpolar	1	1	1TO1	0	A:515:_:ILE	A	E	12.0	97.5	F1	87.21	7	6	1	0	0	0	0	3.0	0.0454545454545455	0.0046482228813147
3	58645572	G	A	.	T	T	D	T	D	D	D	T	8.236e-06	D	D	T	D	D	N	T	1.988372e-05	.	D	T	T	D	M	NON_SYNONYMOUS_CODING	MODERATE	MISSENSE	gCg/gTg	p.Ala67Val	c.200C>T	FAM3D	NM_138805.2	5	2	200	>	Ala	Val	67	subst	rs759070186	0.0	1	9/20	9	1	1	0	Q96BQ1	ACC	0	nonpolar	nonpolar	nonpolarTOnonpolar	0	1	0TO1	0	A:67:_:ALA	A	E	5.0	97.44	F1	90.79	5	3	2	0	0	0	0	3.0	0.3	0.0004317789291882
3	62191517	C	T	Fibronectin_type_III|Immunoglobulin-like_fold	T	T	D	T	D	D	D	T	2.471e-05	D	D	T	D	D	N	D	1.99043e-05	.	D	T	D	D	M	NON_SYNONYMOUS_CODING	MODERATE	MISSENSE	aCg/aTg	p.Thr361Met	c.1082C>T	PTPRG	NM_002841.3	9	2	1082	>	Thr	Met	361	subst	rs751693280	0.0	1	11/20	11	1	1	1	P23470	ACC	-1	polar	nonpolar	polarTOnonpolar	1	1	1TO1	0	A:361:_:THR	A	E	2.0	87.76	F1	73.0	2	0	2	0	0	0	0	0.0	0.0	0.0013779035602596
3	62550025	C	A	PH_domain-like|Pleckstrin_homology_domain	D	D	D	D	D	D	D	D	0.0	D	D	D	D	D	D	D	3.981209e-06	.	D	D	D	D	M	NON_SYNONYMOUS_CODING	MODERATE	MISSENSE	tGg/tTg	p.Trp615Leu	c.1844G>T	CADPS	NM_003716.3	11	2	1844	>	Trp	Leu	615	subst	rs1263467757	0.0	1	18/20	18	1	1	1	Q9ULU8	ACC	-2	aromatic	nonpolar	aromaticTOnonpolar	1	1	1TO1	1	A:615:_:TRP	A	H	26.0	93.91	F1	79.0	14	7	5	2	0	0	0	5.0	0.0153846153846154	0.0387054275429339
3	107377952	C	T	.	T	T	N	T	N	T	T	T	8.236e-06	B	T	T	T	N	N	T	3.98289e-06	.	N	T	T	B	L	NON_SYNONYMOUS_CODING	MODERATE	MISSENSE	aCg/aTg	p.Thr122Met	c.365C>T	CCDC54	NM_032600.2	1	2	365	>	Thr	Met	122	subst	rs781776011	0.0	0	0/20	0	0	0	0	Q8NEL0	ACC	-1	polar	nonpolar	polarTOnonpolar	1	1	1TO1	0	A:122:_:THR	A	H	4.0	91.13	F1	58.82	4	1	3	0	0	0	0	0.0	0.0	0.0092181631956299
3	111714089	G	A	PLC-like_phosphodiesterase,_TIM_beta/alpha-barrel_domain	T	T	D	T	N	T	D	T	2.471e-05	P	T	.	T	.	D	T	2.791313e-05	.	D	T	D	D	L	NON_SYNONYMOUS_CODING	MODERATE	MISSENSE	cGg/cAg	p.Arg276Gln	c.827G>A	PLCXD2	NM_001185106.1	3	2	827	>	Arg	Gln	276	subst	rs773816416	0.0	1	6/20	6	1	1	0	Q0VAA5	ACC	1	positivecharge	polar	positivechargeTOpolar	0	0	0TO0	0	A:276:_:ARG	A	H	3.0	60.25	F1	80.97	3	0	3	0	0	0	0	0.0	0.0	0.0108587458148584
3	123271587	C	G	.	T	T	D	T	N	D	D	T	0.0	P	D	T	D	D	N	T	3.9786430000000005e-06	.	D	T	D	P	M	NON_SYNONYMOUS_CODING	MODERATE	MISSENSE	atC/atG	p.Ile263Met	c.789C>G	SEC22A	NM_012430.4	7	3	789	>	Ile	Met	263	subst	rs1262481244	0.0	1	9/20	9	1	1	0	Q96IW7	ACC	1	nonpolar	nonpolar	nonpolarTOnonpolar	1	1	1TO1	1	A:263:_:ILE	A	H	11.0	91.28	F1	82.82	9	5	4	0	0	0	0	3.0	0.0545454545454545	0.0115826622025156
3	123291228	G	A	Adenylate_cyclase,_conserved_domain\x3bAdenylyl_cyclase_class-3/4/guanylyl_cyclase|Nucleotide_cyclase	D	D	D	D	D	D	D	D	0.0	D	D	D	D	D	D	D	0.0	.	D	D	D	D	M	NON_SYNONYMOUS_CODING	MODERATE	MISSENSE	gCg/gTg	p.Ala1071Val	c.3212C>T	ADCY5	NM_183357.2	18	2	3212	>	Ala	Val	1071	subst	rs1395773373	0.0	1	18/20	18	1	1	1	O95622	ACC	0	nonpolar	nonpolar	nonpolarTOnonpolar	0	1	0TO1	0	A:1071:_:ALA	A	E	5.0	94.23	F1	73.64	4	3	1	0	0	0	0	0.0	0.0	0.001313217877026
3	127033964	C	T	.	D	T	D	D	D	D	D	T	0.0	P	D	T	D	D	D	T	0.0	.	D	T	D	D	M	NON_SYNONYMOUS_CODING	MODERATE	MISSENSE	Cgg/Tgg	p.Arg1880Trp	c.5638C>T	PLXNA1	NM_032242.3	31	1	5638	>	Arg	Trp	1880	subst	rs1368078128	0.0	1	13/20	13	1	1	1	Q9UIW2	ACC	-3	positivecharge	aromatic	positivechargeTOaromatic	0	1	0TO1	0	A:1880:_:ARG	A	H	5.0	90.89	F1	85.02	5	0	5	0	0	0	0	0.0	0.0	0.0004852880890211
3	129651695	C	T	.	T	T	D	T	D	D	D	D	0.0	D	D	T	D	D	D	D	7.956779e-06	.	D	T	D	D	L	NON_SYNONYMOUS_CODING	MODERATE	MISSENSE	cGg/cAg	p.Arg583Gln	c.1748G>A	TMCC1	NM_001017395.3	6	2	1748	>	Arg	Gln	583	subst	rs1288910841	0.0	1	13/20	13	1	1	1	O94876	ACC	1	positivecharge	polar	positivechargeTOpolar	0	0	0TO0	0	A:583:_:ARG	A	H	3.0	74.11	F1	64.36	3	0	3	0	0	0	0	0.0	0.0	0.170010666205425
3	132461081	C	T	Armadillo-like_helical|Armadillo-type_fold	T	T	D	D	N	D	D	D	0.0	B	D	T	D	D	D	T	3.979941e-06	.	D	T	D	P	L	NON_SYNONYMOUS_CODING	MODERATE	MISSENSE	tCg/tTg	p.Ser530Leu	c.1589C>T	DNAJC13	NM_015268.3	15	2	1589	>	Ser	Leu	530	subst	rs1421381514	0.0	1	12/20	12	1	1	1	O75165	ACC	-2	polar	nonpolar	polarTOnonpolar	0	1	0TO1	0	A:530:_:SER	A	H	8.0	94.09	F1	82.88	8	3	5	0	0	0	0	2.0	0.0714285714285714	0.0052184460571879
3	132526226	C	G	Armadillo-like_helical|Armadillo-type_fold	T	T	D	T	N	D	D	T	8.237000000000001e-06	D	T	T	T	N	D	T	3.979181e-06	.	D	T	D	D	M	NON_SYNONYMOUS_CODING	MODERATE	MISSENSE	gCc/gGc	p.Ala2109Gly	c.6326C>G	DNAJC13	NM_015268.3	53	2	6326	>	Ala	Gly	2109	subst	rs758424341	0.0	1	7/20	7	1	1	0	O75165	ACC	0	nonpolar	nonpolar	nonpolarTOnonpolar	0	0	0TO0	1	A:2109:_:ALA	A	H	7.0	87.25	F1	82.88	6	2	4	0	0	0	0	4.0	0.19047619047619	0.0055047299181098
3	136982167	G	A	Fibronectin_type_III|Immunoglobulin-like_fold	T	T	D	T	N	D	D	T	8.237000000000001e-06	D	T	T	D	D	D	T	4.164584e-06	.	D	T	D	D	M	NON_SYNONYMOUS_CODING	MODERATE	MISSENSE	Gag/Aag	p.Glu75Lys	c.223G>A	IL20RB	NM_144717.3	3	1	223	>	Glu	Lys	75	subst	rs755597823	0.0	1	9/20	9	1	1	0	Q6UXL0	ACC	1	negativecharge	positivecharge	negativechargeTOpositivecharge	0	1	0TO1	0	A:75:_:GLU	A	H	7.0	94.62	F1	84.16	6	2	4	0	0	0	0	1.0	0.0476190476190476	0.0133397345770035
3	143268885	T	C	.	T	T	D	T	N	T	T	T	8.236e-06	B	T	T	T	N	N	T	3.976839e-06	.	N	T	T	B	L	NON_SYNONYMOUS_CODING	MODERATE	MISSENSE	cAa/cGa	p.Gln567Arg	c.1700A>G	SLC9A9	NM_173653.3	15	2	1700	>	Gln	Arg	567	subst	rs374325238	0.0	0	1/20	1	0	0	0	Q8IVB4	ACC	1	polar	positivecharge	polarTOpositivecharge	0	0	0TO0	0	A:567:_:GLN	A	H	3.0	56.16	F1	73.29	3	1	2	0	0	0	0	0.0	0.0	0.0139543774690965
3	151443327	C	T	Immunoglobulin_I-set|Immunoglobulin_V-set_domain|Immunoglobulin_subtype|Immunoglobulin_subtype_2|Immunoglobulin-like_domain|Immunoglobulin-like_fold	T	T	N	T	N	.	T	T	0.001194	B	T	T	T	N	N	T	0.00133709	.	N	T	T	B	N	NON_SYNONYMOUS_CODING	MODERATE	MISSENSE	Gtt/Att	p.Val1874Ile	c.5620G>A	IGSF10	NM_178822.4	5	1	5620	>	Val	Ile	1874	subst	rs145507750	1.0	0	0/20	0	0	0	0	Q6WRI0	ACC	3	nonpolar	nonpolar	nonpolarTOnonpolar	1	1	1TO1	0	A:1874:_:VAL	A	E	3.0	83.16	F1	58.53	3	3	0	0	0	0	0	1.0	0.333333333333333	0.0024470133909258
3	169796844	G	A	.	T	T	D	T	N	T	T	T	1.647e-05	B	D	T	D	N	N	T	2.832563e-05	.	N	T	T	B	.	NON_SYNONYMOUS_CODING	MODERATE	MISSENSE	gCa/gTa	p.Ala270Val	c.809C>T	LRRC34	NM_001172779.1	8	2	809	>	Ala	Val	270	subst	rs201395437	0.0	0	3/20	3	0	0	0	Q8IZ02	ACC	0	nonpolar	nonpolar	nonpolarTOnonpolar	0	1	0TO1	0	A:270:_:ALA	A	E	4.0	94.68	F1	85.69	4	2	2	0	0	0	0	0.0	0.0	0.0094155844155844
3	180654808	G	A	.	T	T	N	T	N	D	T	T	0.0	B	T	T	T	N	N	T	1.218809e-05	.	N	T	T	B	N	NON_SYNONYMOUS_CODING	MODERATE	MISSENSE	aCg/aTg	p.Thr295Met	c.884C>T	CCDC39	NM_181426.1	7	2	884	>	Thr	Met	295	subst	rs1182604379	0.0	0	1/20	1	0	0	0	Q9UFE4	ACC	-1	polar	nonpolar	polarTOnonpolar	1	1	1TO1	0	A:295:_:THR	A	H	5.0	91.03	F1	79.35	5	0	5	0	0	0	0	0.0	0.0	0.0129845572013867
4	1834877	C	T	LETM1-like|Letm1_ribosome-binding_domain	T	T	D	T	N	T	D	T	0.0	P	T	T	T	D	D	T	1.988451e-05	.	D	T	T	D	N	NON_SYNONYMOUS_CODING	MODERATE	MISSENSE	Gcc/Acc	p.Ala282Thr	c.844G>A	LETM1	NM_012318.2	5	1	844	>	Ala	Thr	282	subst	rs1340815089	0.0	1	6/20	6	1	1	0	O95202	ACC	0	nonpolar	polar	nonpolarTOpolar	0	1	0TO1	0	A:282:_:ALA	A	H	6.0	65.3	F1	67.05	5	2	3	0	0	0	0	0.0	0.0	0.0020001241456366
4	3443100	C	T	Fibronectin,_type_II,_collagen-binding|Kringle-like_fold	T	T	D	T	D	D	D	T	1.658e-05	D	D	T	D	U	D	T	2.212213e-05	.	D	T	T	D	M	NON_SYNONYMOUS_CODING	MODERATE	MISSENSE	Cgc/Tgc	p.Arg117Cys	c.349C>T	HGFAC	NM_001297439.1	3	1	349	>	Arg	Cys	117	subst	rs140691145	0.0	1	9/20	9	1	1	0	Q04756	ACC	-3	positivecharge	polar	positivechargeTOpolar	0	0	0TO0	0	A:117:_:ARG	A	E	3.0	70.29	F1	75.14	2	0	2	0	0	0	0	1.0	0.333333333333333	0.0
4	17635092	C	T	.	T	T	D	T	N	T	T	T	0.000118	B	T	T	T	N	N	T	7.657359e-05	.	D	T	T	B	M	NON_SYNONYMOUS_CODING	MODERATE	MISSENSE	Gca/Aca	p.Ala936Thr	c.2806G>A	FAM184B	NM_015688.1	16	1	2806	>	Ala	Thr	936	subst	rs376901720	0.0	0	2/20	2	0	0	0	Q9ULE4	ACC	0	nonpolar	polar	nonpolarTOpolar	0	1	0TO1	0	A:936:_:ALA	A	H	3.0	70.52	F1	74.99	3	1	2	0	0	0	0	0.0	0.0	0.0001210318832561
4	36128623	C	G	PH_domain-like\x3bRho_GTPase_activation_protein|Rho_GTPase-activating_protein_domain	T	T	D	T	D	D	D	D	0.0	D	D	T	D	D	D	D	1.1967160000000004e-05	.	D	T	D	D	M	NON_SYNONYMOUS_CODING	MODERATE	MISSENSE	Gat/Cat	p.Asp1184His	c.3550G>C	ARAP2	NM_015230.3	21	1	3550	>	Asp	His	1184	subst	rs1341874544	0.0	1	13/20	13	1	1	1	Q8WZ64	ACC	-1	negativecharge	positivecharge	negativechargeTOpositivecharge	0	1	0TO1	1	A:1184:_:ASP	A	H	7.0	94.96	F1	67.14	7	3	4	0	0	0	0	3.0	0.142857142857143	0.0027869971757299
